{
  "args": {
    "archive_dir": "Archive (1)",
    "output_dir": "results/euler1_surrogate_comparison_smoke",
    "models": "persistence,linear_pointwise,tiny_cnn",
    "epochs": 1,
    "batch_size": 2,
    "learning_rate": 0.001,
    "weight_decay": 0.0,
    "seed": 12345,
    "device": "auto",
    "num_workers": 0,
    "activation": "tanh",
    "max_train_samples": 8,
    "max_valid_samples": 4,
    "max_test_samples": 4,
    "mlp_hidden": 64,
    "mlp_layers": 3,
    "cnn_channels": 16,
    "cnn_layers": 3,
    "cnn_kernel": 3,
    "fno_modes": 12,
    "fno_width": 16,
    "save_models": false
  },
  "archive_dir": "/Users/bobby/Documents/GitHub/TwoWayIceModel_Release/Archive (1)",
  "output_dir": "/Users/bobby/Documents/GitHub/TwoWayIceModel_Release/results/euler1_surrogate_comparison_smoke",
  "device": "cpu",
  "split_sizes": {
    "train": 8,
    "valid": 4,
    "test": 4,
    "train_full": 474,
    "valid_full": 42,
    "test_full": 11
  },
  "results": [
    {
      "model": "persistence",
      "parameters": 0,
      "train_seconds": 3.374999999916639e-06,
      "metrics": {
        "train": {
          "mse": 0.10389828123152256,
          "rmse": 0.3223325630952023,
          "mae": 0.09584414400160313,
          "relative_l2": 0.4998889935238576,
          "circular_rmse_deg": 34.52066637215976
        },
        "valid": {
          "mse": 0.07265793904662132,
          "rmse": 0.26955136624884934,
          "mae": 0.07011434249579906,
          "relative_l2": 0.431308339005307,
          "circular_rmse_deg": 32.59247420761658
        },
        "test": {
          "mse": 0.10071747750043869,
          "rmse": 0.31736016999686445,
          "mae": 0.09948129951953888,
          "relative_l2": 0.5114414121650582,
          "circular_rmse_deg": 37.46458230472341
        }
      }
    },
    {
      "model": "linear_pointwise",
      "parameters": 7,
      "train_seconds": 0.15736595900000072,
      "metrics": {
        "train": {
          "mse": 0.514104574918747,
          "rmse": 0.7170108610884126,
          "mae": 0.6409491151571274,
          "relative_l2": 1.1119752464055028,
          "circular_rmse_deg": 122.1963189732085
        },
        "valid": {
          "mse": 0.5986266434192657,
          "rmse": 0.7737096635167908,
          "mae": 0.6613085269927979,
          "relative_l2": 1.2380105301922453,
          "circular_rmse_deg": 110.99310906284128
        },
        "test": {
          "mse": 0.5084331929683685,
          "rmse": 0.7130450146858671,
          "mae": 0.6229460835456848,
          "relative_l2": 1.1491068625650083,
          "circular_rmse_deg": 115.41855553044587
        }
      }
    },
    {
      "model": "tiny_cnn",
      "parameters": 3345,
      "train_seconds": 0.26779670799999966,
      "metrics": {
        "train": {
          "mse": 0.23193496838212013,
          "rmse": 0.4815962711464034,
          "mae": 0.4204130172729492,
          "relative_l2": 0.7468828668297858,
          "circular_rmse_deg": 84.9620809570195
        },
        "valid": {
          "mse": 0.19698181003332138,
          "rmse": 0.4438263286842291,
          "mae": 0.38703809678554535,
          "relative_l2": 0.710165187791681,
          "circular_rmse_deg": 79.59891270416118
        },
        "test": {
          "mse": 0.20767278224229813,
          "rmse": 0.4557112926429387,
          "mae": 0.39525675773620605,
          "relative_l2": 0.7344010026562925,
          "circular_rmse_deg": 81.2900294941035
        }
      }
    }
  ]
}