model,epoch,train_mse,valid_mse,valid_rmse,epoch_seconds
fno,1.0,0.4939545542001724,0.4082736521959305,0.6389629505659389,0.2371922500000001
